title;amount
Web Development Trends Every CTO Should Expect in;2
PWAs;2
Artificial Intelligence;4
Internet of Things;3
Chatbots;4
Voice Search Optimization;4
Single-page Applications;2
Single-page Websites;1
Accelerated Mobile Pages;5
API-first Approach;2
Motion UI;4
D Elements Will Become More Mainstream;1
Accelerated Mobile Pages (AMP):-;1
Progressive Webpage Apps (PWA):-;1
Artificial Intelligence & Bots:-;1
Dark Mode:-;1
Mobile-Friendly Websites:-;1
Cyber Security:-;1
Vector & d Graphics:-;1
Voice Search:-;1
Single Page Application (SPA):-;1
Motion UI:-;1
Best Web Development Technologies To Use In;1
Artificial Intelligence and Bots;1
Accelerated Mobile Pages (AMP);5
Single Page Application (SPA);2
AR and VR;1
Serverless Applications and Architecture;1
Blockchain Technology;3
Internet of Things (IoT);2
No-code and low-code will drive application development;1
Artificial intelligence and machine learning adoption to accelerate;1
Voice search will explode thanks to IoT;1
Progressive web applications (PWAs) will replace native mobile apps;1
Smaller companies will favor SPAs for app development;1
Cybersecurity will grow in importance;1
Motion UI design will boost page interactivity;1
Advancements in cloud computing will continue;1
The next step in process customization will begin;1
Companies will favor API-first development;1
Web Application Development Trends Every CTO Should Know in;1
Web Application Development Trends;1
Ways to Increase User Engagement for Your App;1
Most Popular Web Development Trends in;1
Big Web Development Trends to Rule;1
Progressive Web Applications (PWA);1
WebAssembly;2
Voice Search and Navigation;2
Mobile at the forefront;1
Motion design UI;1
Serverless Architecture;3
The RAIL Model;2
Single-Page Apps or SPAs and Single-Page Websites;1
Mean-React-Vue-Flutter;1
IoT or Internet of Thing;1
Single Page Applications;1
Single Page Website;3
Web Development Trends Every CTO Should Be Ready for in;1
Progressive Web Apps (PWA);4
Responsive Websites;1
API-First Development;1
Push Notifications;1
AI-Powered Chatbots;2
Web Development Trends in;1
Forbidden;2
unique web design trends for;1
modern web design trends for;1
Web Development Trends in  and Later to Consider;1
Single-page Apps;1
AI and Bots will evolve further;1
Mobile-Friendly Website;2
Artificial Intelligence Development;1
WebAssembly (Wasm);2
Native Apps;1
D Elements;1
Motion UI in Web Development;1
Web Development Trends for;1
web development trends for  and beyond that you should be aware of;1
Artificial intelligence and robots will continue to develop;1
Progressive web applications (PWA);1
Chatbot;1
Mobile-friendly website;2
Development of artificial intelligence;1
Native apps;1
D elements;1
Voice search and navigation;1
Motion UI in web development;1
Key Advantages of Android App Development For Enterprises;1
A Primarily Digital World;1
The Growth of the IT Sector;1
Remote Work;1
Cloud Services Gain Momentum;1
E-Commerce Software Solutions on Demand;1
JavaScript Dominates but Python Is Catching Up;1
Containers and Microservices on the Rise;1
Low-Code Development;1
Continuous Integration, Delivery, Deployment;1
Outsourcing;1
Web Development Trends That You Can't Skip Reading;1
Popular Voice Assistants;1
Web Development Trends That Will Dominate In;1
Single Page Websites;1
Voice Commerce;1
Artificial Intelligence & Chatbots;1
Motion Design UI;1
Powerful IDEs to Use When Writing Code for Data Science;1
Cloud adoptions everywhere;1
Edge computing will see exponential growth;1
AWS leads, but Multi-Cloud will be the future;1
Containerization: Kubernetes will jump in while Docker may slip away;1
Quantum computing will get momentum;1
Artificial Intelligence will benefit everyone;1
Blockchain is still on the hype;1
Deep Learning Library: TensorFlow  and PyTorch;1
One size Data Store will not fit all;1
Low-code/No-code will expand due to rapid application development needs;1
web design trends you need to know in;1
Jun;1
Progressive web applications;2
Artificial intelligence (AI) and bots;1
Voice search;1
Serverless architecture;1
Single-page applications;1
Blockchain technology;1
Predictions about the Software Development Trends in;1
Predictions about Software Development trends in;1
Centralized Infrastructure: Cloud, cloud everywhere;1
Decentralised Infrastructure: Edge Computing will see exponential growth;1
Cloud: AWS is leading, but Multi-Cloud will be the future;1
Containerization: Kubernetes is the Emperor, and Docker will slip away;1
Computing: Quantum Computing will get momentum;1
Predictions about the Software Development trends in the s;1
Blockchain: The roller coaster ride will continue;1
Artificial Intelligence: AI will be for all;1
Deep Learning Library: It will be TensorFlow  and PyTorch;1
Data Store: One size will not fill all;1
Data-Intensive Computation: Spark will remain the leader;1
Real-Time Streaming: Flink will be the obvious choice;1
Data Platform: Others will follow Snowflake;1
Rapid Application Development: Low Code/No-Code will expand;1
Software Architecture: Microservices, Monoliths, Serverless will co-exist;1
Programming (mainstream): Python and JavaScript will lead the roost;1
Programming (modern): Rust will finally arrive;1
Client-Side Web Frameworks: React will continue to Rule;1
Server-Side Web Frameworks: Spring and ASPNET Core for Enterprises;1
App Development: Native App will continue to dominate;1
Cross-Platform App Development: React Native will dominate, but Flutter will catch up;1
API: REST for Business Applications;1
Sklearn Mistakes That Silently Tell You Are a Rookie;1
Python Projects You Can Finish in a Weekend;1
Sklearn Features You Didn’t Know Existed  P(Guarantee) =;1
Progressive Web App (PWA);1
Dark Theme UI;1
Voice Recognition Technology;1
Web Security;1
Cloud Computing;2
Automation Testing;1
Leading Web Design Trends for;1
Valuable Web Design Statistics for;1
Emphasis on Cloud;1
Growing Use of Blockchain;1
Evolution of AI;1
A Surge in Low-Code/No-Code Development;1
The Ascendancy of Python and JavaScript;1
Progress in Use of Modern Languages;1
Uptick in Native App Development;1
Rise in Progressive Web Apps;1
Expansion of the IoT;1
Escalation of Edge Computing;1
Importance of UX;1
Increased Use of CI and CD;1
Will Be a Big Year in Software Development;1
+ Key Web Development Trends You Must Learn In  & Beyond;1
Responsive Design (Better UX);1
Motion Design In UI;1
Accelerated Mobile Page (AMP);1
Data Visualization;1
Consumer Behavior Tracking;1
Voice Search;2
Cybersecurity;1
Push-Notifications;1
Mobile-First Approach;1
Javascript, Reactjs Stable Growing, & MEAN Stack Usage;1
Artificial Intelligence Development (AI);1
) Progressive Web Apps (PWAs);1
) Chatbots;1
) Single-Page Websites;1
) Theme vs Custom;1
) Internet of Things (IoT);1
Best Web Development Trends to look out for  – Future of Web Development;1
Embedded Videos for Engaging Homepages in;1
Modern Minimalism: Simple Web Design Inspiration;1
Dark Mode and Low Light UX Web Design Trends;1
Rotating Animations: An Upcoming Web Design Trend That Provides Added Interest;1
Non-Traditional Scrolling Engages Audiences on Modern Websites;1
Gradient Color Schemes: Colorful Website Inspiration for;1
Innovative Web Design Examples of UX-Driven Diagonal Lines;1
Modern Website Examples Showcasing Scroll-Triggered Animations;1
Creative Color Branding as a  Website Design Trend;1
Designs With Depth and Dimension;1
LARGE Attention-Grabbing Titles: Supersized Web Design Inspiration;1
Attract Attention With Abstract Shapes in Web Designs;1
Storytelling and Interactive Web Design Examples;1
Dynamic Landing Pages & Responsive Web Design in;1
Detailed Footers Will Set Web Designs Apart in;1
Most Latest Web Design Trends Which Will Dominate Your Screen in;1
Top web development trends of;1
Hot Web Technologies and Web Design Trends to Watch in;1
Best Frameworks for Web Development in;1
"web design trends that will be huge in 
—";1
"Parallax animation
—";1
"Neumorphism
—";1
"Abstract art compositions
—";1
"Comfortable colors
—";1
"Web design for causes
—";1
"Scrolling transformations
—";1
"Digital interpretations of physical products
—";1
"Captivating questionnaires
—";1
"Three-dimensional colors
—";1
Web Design Trends in;1
web development trends to expect in;1
Latest Web Development Trends in;1
Four ways to style react components;1
Dark mode;1
Collage & Mixing Mediums;1
Anti-Design;1
Minimalism;1
Organic Design;1
Illustration;1
Functionality, Inclusivity & Accessibility;1
Motion & Interactivity;1
D & Geometric Design;1
WordPress Page Builders & Template Kits;1
Must-Watch Software Development Trends in;1
Web Development Trends For  And Beyond;1
Parallax Animation;1
-Degree Video;1
Dark Mode User Experience;1
Artificial Intelligence And Machine Learning Adoption;1
web application development trends for  and beyond;1
Frontend Trends for;2
Top Web Development Companies:;1
Top Web Development Trends To Follow In :;1
Request Entity Too Large;1
Scrolling;1
Design compositions and layout;1
Colors;1
D;1
Content;1
UI Trends;1
Front end and back end separation;1
Serverless applications;1
Push notiﬁcations;1
Web Real-Time Communication (WebRTC);1
Trending languages: Python, Ruby, Erlang/Elixir;1
Containerization;1
Integration with virtual assistants (VA);1
"große Webdesign-Trends 
—";1
"Parallax-Animation
—";1
"Neumorphismus
—";1
"Kompositionen aus abstrakter Kunst
—";1
"Angenehme Farben
—";1
"Webdesign für gesellschaftliche Zwecke
—";1
"Scroll-Transformationen
—";1
"Digitale Interpretationen physischer Produkte
—";1
"Interaktive Fragebögen
—";1
"Dreidimensionale Farben
—";1
